BubbleSort,SelectionSort,InsertionSort,QuickSort
0.03797554969787598,0.01399087905883789,0.00899505615234375,0.014998674392700195
0.1609048843383789,0.05596566200256348,0.03597855567932129,0.05996274948120117
0.3422074317932129,0.12792468070983887,0.08494758605957031,0.13492059707641602
0.619128942489624,0.2238636016845703,0.15041327476501465,0.23886704444885254
0.932957649230957,0.34429335594177246,0.2318587303161621,0.37176942825317383
1.3682308197021484,0.4992029666900635,0.3388092517852783,0.5272066593170166
