BubbleSort,SelectionSort,InsertionSort
0.03829145431518555,0.013991117477416992,0.008994817733764648
0.154008150100708,0.056952476501464844,0.036977291107177734
0.35367798805236816,0.12891864776611328,0.08694696426391602
0.6555964946746826,0.23285746574401855,0.15590476989746094
0.977226972579956,0.3627781867980957,0.2438497543334961
1.4813196659088135,0.5366699695587158,0.3603653907775879
