BubbleSort,SelectionSort,InsertionSort,QuickSort
0.0395200252532959,0.01399087905883789,0.008994579315185547,0.014990091323852539
0.16090130805969238,0.06196331977844238,0.0399782657623291,0.06795811653137207
0.4017620086669922,0.14191532135009766,0.10194087028503418,0.15749716758728027
0.7231965065002441,0.2678353786468506,0.1728980541229248,0.2942075729370117
1.1481471061706543,0.38077282905578613,0.2488541603088379,0.4277360439300537
1.6280176639556885,0.589637041091919,0.39909839630126953,0.608628511428833
