QuickSort,HeapSort
1.032364845275879,1.937803030014038
1.5300569534301758,2.6883389949798584
2.175658941268921,3.417896270751953
2.8652358055114746,4.182422876358032
