BubbleSort,SelectionSort
0.042974233627319336,0.014991044998168945
0.15190696716308594,0.05696582794189453
0.3427889347076416,0.12992072105407715
0.6166207790374756,0.2298576831817627
0.990393877029419,0.35983896255493164
1.3713467121124268,0.5104916095733643
