BubbleSort,SelectionSort,InsertionSort,QuickSort,HeapSort
0.04497694969177246,0.014992237091064453,0.0039975643157958984,0.001998424530029297,0.0029981136322021484
0.16190814971923828,0.06595969200134277,0.01898813247680664,0.002995729446411133,0.006997108459472656
0.3843355178833008,0.14449429512023926,0.04498004913330078,0.005996227264404297,0.012991905212402344
0.6835775375366211,0.2488565444946289,0.08249759674072266,0.006995439529418945,0.016989707946777344
1.0160012245178223,0.3957560062408447,0.13192248344421387,0.01000356674194336,0.021986722946166992
1.5254499912261963,0.5801417827606201,0.1931898593902588,0.009993791580200195,0.030983448028564453
